BuySignal,SellSignal,Description
False,False,Buy: MACD crossover up + RSI>50; Sell: MACD crossover down OR RSI>70. Signals computed using Close only via ta library.
False,False,Buy: MACD crossover up + RSI>50; Sell: MACD crossover down OR RSI>70. Signals computed using Close only via ta library.
False,False,Buy: MACD crossover up + RSI>50; Sell: MACD crossover down OR RSI>70. Signals computed using Close only via ta library.
False,False,Buy: MACD crossover up + RSI>50; Sell: MACD crossover down OR RSI>70. Signals computed using Close only via ta library.
False,False,Buy: MACD crossover up + RSI>50; Sell: MACD crossover down OR RSI>70. Signals computed using Close only via ta library.
False,False,Buy: MACD crossover up + RSI>50; Sell: MACD crossover down OR RSI>70. Signals computed using Close only via ta library.
False,False,Buy: MACD crossover up + RSI>50; Sell: MACD crossover down OR RSI>70. Signals computed using Close only via ta library.
False,False,Buy: MACD crossover up + RSI>50; Sell: MACD crossover down OR RSI>70. Signals computed using Close only via ta library.
False,False,Buy: MACD crossover up + RSI>50; Sell: MACD crossover down OR RSI>70. Signals computed using Close only via ta library.
False,False,Buy: MACD crossover up + RSI>50; Sell: MACD crossover down OR RSI>70. Signals computed using Close only via ta library.
False,False,Buy: MACD crossover up + RSI>50; Sell: MACD crossover down OR RSI>70. Signals computed using Close only via ta library.
False,False,Buy: MACD crossover up + RSI>50; Sell: MACD crossover down OR RSI>70. Signals computed using Close only via ta library.
False,False,Buy: MACD crossover up + RSI>50; Sell: MACD crossover down OR RSI>70. Signals computed using Close only via ta library.
False,True,Buy: MACD crossover up + RSI>50; Sell: MACD crossover down OR RSI>70. Signals computed using Close only via ta library.
False,True,Buy: MACD crossover up + RSI>50; Sell: MACD crossover down OR RSI>70. Signals computed using Close only via ta library.
False,True,Buy: MACD crossover up + RSI>50; Sell: MACD crossover down OR RSI>70. Signals computed using Close only via ta library.
False,True,Buy: MACD crossover up + RSI>50; Sell: MACD crossover down OR RSI>70. Signals computed using Close only via ta library.
False,True,Buy: MACD crossover up + RSI>50; Sell: MACD crossover down OR RSI>70. Signals computed using Close only via ta library.
False,True,Buy: MACD crossover up + RSI>50; Sell: MACD crossover down OR RSI>70. Signals computed using Close only via ta library.
False,True,Buy: MACD crossover up + RSI>50; Sell: MACD crossover down OR RSI>70. Signals computed using Close only via ta library.
False,True,Buy: MACD crossover up + RSI>50; Sell: MACD crossover down OR RSI>70. Signals computed using Close only via ta library.
False,True,Buy: MACD crossover up + RSI>50; Sell: MACD crossover down OR RSI>70. Signals computed using Close only via ta library.
False,True,Buy: MACD crossover up + RSI>50; Sell: MACD crossover down OR RSI>70. Signals computed using Close only via ta library.
False,True,Buy: MACD crossover up + RSI>50; Sell: MACD crossover down OR RSI>70. Signals computed using Close only via ta library.
False,True,Buy: MACD crossover up + RSI>50; Sell: MACD crossover down OR RSI>70. Signals computed using Close only via ta library.
False,True,Buy: MACD crossover up + RSI>50; Sell: MACD crossover down OR RSI>70. Signals computed using Close only via ta library.
False,False,Buy: MACD crossover up + RSI>50; Sell: MACD crossover down OR RSI>70. Signals computed using Close only via ta library.
False,False,Buy: MACD crossover up + RSI>50; Sell: MACD crossover down OR RSI>70. Signals computed using Close only via ta library.
False,True,Buy: MACD crossover up + RSI>50; Sell: MACD crossover down OR RSI>70. Signals computed using Close only via ta library.
False,True,Buy: MACD crossover up + RSI>50; Sell: MACD crossover down OR RSI>70. Signals computed using Close only via ta library.
False,True,Buy: MACD crossover up + RSI>50; Sell: MACD crossover down OR RSI>70. Signals computed using Close only via ta library.
False,False,Buy: MACD crossover up + RSI>50; Sell: MACD crossover down OR RSI>70. Signals computed using Close only via ta library.
False,False,Buy: MACD crossover up + RSI>50; Sell: MACD crossover down OR RSI>70. Signals computed using Close only via ta library.
False,False,Buy: MACD crossover up + RSI>50; Sell: MACD crossover down OR RSI>70. Signals computed using Close only via ta library.
False,False,Buy: MACD crossover up + RSI>50; Sell: MACD crossover down OR RSI>70. Signals computed using Close only via ta library.
False,False,Buy: MACD crossover up + RSI>50; Sell: MACD crossover down OR RSI>70. Signals computed using Close only via ta library.
False,False,Buy: MACD crossover up + RSI>50; Sell: MACD crossover down OR RSI>70. Signals computed using Close only via ta library.
False,False,Buy: MACD crossover up + RSI>50; Sell: MACD crossover down OR RSI>70. Signals computed using Close only via ta library.
False,False,Buy: MACD crossover up + RSI>50; Sell: MACD crossover down OR RSI>70. Signals computed using Close only via ta library.
False,False,Buy: MACD crossover up + RSI>50; Sell: MACD crossover down OR RSI>70. Signals computed using Close only via ta library.
False,False,Buy: MACD crossover up + RSI>50; Sell: MACD crossover down OR RSI>70. Signals computed using Close only via ta library.
False,False,Buy: MACD crossover up + RSI>50; Sell: MACD crossover down OR RSI>70. Signals computed using Close only via ta library.
False,False,Buy: MACD crossover up + RSI>50; Sell: MACD crossover down OR RSI>70. Signals computed using Close only via ta library.
False,False,Buy: MACD crossover up + RSI>50; Sell: MACD crossover down OR RSI>70. Signals computed using Close only via ta library.
False,False,Buy: MACD crossover up + RSI>50; Sell: MACD crossover down OR RSI>70. Signals computed using Close only via ta library.
False,False,Buy: MACD crossover up + RSI>50; Sell: MACD crossover down OR RSI>70. Signals computed using Close only via ta library.
False,False,Buy: MACD crossover up + RSI>50; Sell: MACD crossover down OR RSI>70. Signals computed using Close only via ta library.
False,False,Buy: MACD crossover up + RSI>50; Sell: MACD crossover down OR RSI>70. Signals computed using Close only via ta library.
False,False,Buy: MACD crossover up + RSI>50; Sell: MACD crossover down OR RSI>70. Signals computed using Close only via ta library.
False,False,Buy: MACD crossover up + RSI>50; Sell: MACD crossover down OR RSI>70. Signals computed using Close only via ta library.
True,False,Buy: MACD crossover up + RSI>50; Sell: MACD crossover down OR RSI>70. Signals computed using Close only via ta library.
False,False,Buy: MACD crossover up + RSI>50; Sell: MACD crossover down OR RSI>70. Signals computed using Close only via ta library.
False,False,Buy: MACD crossover up + RSI>50; Sell: MACD crossover down OR RSI>70. Signals computed using Close only via ta library.
False,False,Buy: MACD crossover up + RSI>50; Sell: MACD crossover down OR RSI>70. Signals computed using Close only via ta library.
False,False,Buy: MACD crossover up + RSI>50; Sell: MACD crossover down OR RSI>70. Signals computed using Close only via ta library.
False,False,Buy: MACD crossover up + RSI>50; Sell: MACD crossover down OR RSI>70. Signals computed using Close only via ta library.
False,False,Buy: MACD crossover up + RSI>50; Sell: MACD crossover down OR RSI>70. Signals computed using Close only via ta library.
False,False,Buy: MACD crossover up + RSI>50; Sell: MACD crossover down OR RSI>70. Signals computed using Close only via ta library.
False,False,Buy: MACD crossover up + RSI>50; Sell: MACD crossover down OR RSI>70. Signals computed using Close only via ta library.
False,False,Buy: MACD crossover up + RSI>50; Sell: MACD crossover down OR RSI>70. Signals computed using Close only via ta library.
False,False,Buy: MACD crossover up + RSI>50; Sell: MACD crossover down OR RSI>70. Signals computed using Close only via ta library.
False,True,Buy: MACD crossover up + RSI>50; Sell: MACD crossover down OR RSI>70. Signals computed using Close only via ta library.
False,True,Buy: MACD crossover up + RSI>50; Sell: MACD crossover down OR RSI>70. Signals computed using Close only via ta library.
False,True,Buy: MACD crossover up + RSI>50; Sell: MACD crossover down OR RSI>70. Signals computed using Close only via ta library.
False,False,Buy: MACD crossover up + RSI>50; Sell: MACD crossover down OR RSI>70. Signals computed using Close only via ta library.
False,False,Buy: MACD crossover up + RSI>50; Sell: MACD crossover down OR RSI>70. Signals computed using Close only via ta library.
False,False,Buy: MACD crossover up + RSI>50; Sell: MACD crossover down OR RSI>70. Signals computed using Close only via ta library.
False,True,Buy: MACD crossover up + RSI>50; Sell: MACD crossover down OR RSI>70. Signals computed using Close only via ta library.
False,False,Buy: MACD crossover up + RSI>50; Sell: MACD crossover down OR RSI>70. Signals computed using Close only via ta library.
False,False,Buy: MACD crossover up + RSI>50; Sell: MACD crossover down OR RSI>70. Signals computed using Close only via ta library.
False,False,Buy: MACD crossover up + RSI>50; Sell: MACD crossover down OR RSI>70. Signals computed using Close only via ta library.
False,False,Buy: MACD crossover up + RSI>50; Sell: MACD crossover down OR RSI>70. Signals computed using Close only via ta library.
False,False,Buy: MACD crossover up + RSI>50; Sell: MACD crossover down OR RSI>70. Signals computed using Close only via ta library.
False,False,Buy: MACD crossover up + RSI>50; Sell: MACD crossover down OR RSI>70. Signals computed using Close only via ta library.
False,False,Buy: MACD crossover up + RSI>50; Sell: MACD crossover down OR RSI>70. Signals computed using Close only via ta library.
False,False,Buy: MACD crossover up + RSI>50; Sell: MACD crossover down OR RSI>70. Signals computed using Close only via ta library.
False,False,Buy: MACD crossover up + RSI>50; Sell: MACD crossover down OR RSI>70. Signals computed using Close only via ta library.
False,False,Buy: MACD crossover up + RSI>50; Sell: MACD crossover down OR RSI>70. Signals computed using Close only via ta library.
False,False,Buy: MACD crossover up + RSI>50; Sell: MACD crossover down OR RSI>70. Signals computed using Close only via ta library.
False,False,Buy: MACD crossover up + RSI>50; Sell: MACD crossover down OR RSI>70. Signals computed using Close only via ta library.
False,False,Buy: MACD crossover up + RSI>50; Sell: MACD crossover down OR RSI>70. Signals computed using Close only via ta library.
True,False,Buy: MACD crossover up + RSI>50; Sell: MACD crossover down OR RSI>70. Signals computed using Close only via ta library.
False,True,Buy: MACD crossover up + RSI>50; Sell: MACD crossover down OR RSI>70. Signals computed using Close only via ta library.
False,False,Buy: MACD crossover up + RSI>50; Sell: MACD crossover down OR RSI>70. Signals computed using Close only via ta library.
False,False,Buy: MACD crossover up + RSI>50; Sell: MACD crossover down OR RSI>70. Signals computed using Close only via ta library.
True,False,Buy: MACD crossover up + RSI>50; Sell: MACD crossover down OR RSI>70. Signals computed using Close only via ta library.
False,False,Buy: MACD crossover up + RSI>50; Sell: MACD crossover down OR RSI>70. Signals computed using Close only via ta library.
False,False,Buy: MACD crossover up + RSI>50; Sell: MACD crossover down OR RSI>70. Signals computed using Close only via ta library.
False,False,Buy: MACD crossover up + RSI>50; Sell: MACD crossover down OR RSI>70. Signals computed using Close only via ta library.
False,False,Buy: MACD crossover up + RSI>50; Sell: MACD crossover down OR RSI>70. Signals computed using Close only via ta library.
False,False,Buy: MACD crossover up + RSI>50; Sell: MACD crossover down OR RSI>70. Signals computed using Close only via ta library.
False,False,Buy: MACD crossover up + RSI>50; Sell: MACD crossover down OR RSI>70. Signals computed using Close only via ta library.
False,True,Buy: MACD crossover up + RSI>50; Sell: MACD crossover down OR RSI>70. Signals computed using Close only via ta library.
False,False,Buy: MACD crossover up + RSI>50; Sell: MACD crossover down OR RSI>70. Signals computed using Close only via ta library.
True,False,Buy: MACD crossover up + RSI>50; Sell: MACD crossover down OR RSI>70. Signals computed using Close only via ta library.
False,False,Buy: MACD crossover up + RSI>50; Sell: MACD crossover down OR RSI>70. Signals computed using Close only via ta library.
False,True,Buy: MACD crossover up + RSI>50; Sell: MACD crossover down OR RSI>70. Signals computed using Close only via ta library.
False,False,Buy: MACD crossover up + RSI>50; Sell: MACD crossover down OR RSI>70. Signals computed using Close only via ta library.
False,False,Buy: MACD crossover up + RSI>50; Sell: MACD crossover down OR RSI>70. Signals computed using Close only via ta library.
False,False,Buy: MACD crossover up + RSI>50; Sell: MACD crossover down OR RSI>70. Signals computed using Close only via ta library.
False,False,Buy: MACD crossover up + RSI>50; Sell: MACD crossover down OR RSI>70. Signals computed using Close only via ta library.
False,False,Buy: MACD crossover up + RSI>50; Sell: MACD crossover down OR RSI>70. Signals computed using Close only via ta library.
True,False,Buy: MACD crossover up + RSI>50; Sell: MACD crossover down OR RSI>70. Signals computed using Close only via ta library.
False,True,Buy: MACD crossover up + RSI>50; Sell: MACD crossover down OR RSI>70. Signals computed using Close only via ta library.
False,True,Buy: MACD crossover up + RSI>50; Sell: MACD crossover down OR RSI>70. Signals computed using Close only via ta library.
False,False,Buy: MACD crossover up + RSI>50; Sell: MACD crossover down OR RSI>70. Signals computed using Close only via ta library.
False,False,Buy: MACD crossover up + RSI>50; Sell: MACD crossover down OR RSI>70. Signals computed using Close only via ta library.
False,False,Buy: MACD crossover up + RSI>50; Sell: MACD crossover down OR RSI>70. Signals computed using Close only via ta library.
False,False,Buy: MACD crossover up + RSI>50; Sell: MACD crossover down OR RSI>70. Signals computed using Close only via ta library.
False,False,Buy: MACD crossover up + RSI>50; Sell: MACD crossover down OR RSI>70. Signals computed using Close only via ta library.
False,True,Buy: MACD crossover up + RSI>50; Sell: MACD crossover down OR RSI>70. Signals computed using Close only via ta library.
False,True,Buy: MACD crossover up + RSI>50; Sell: MACD crossover down OR RSI>70. Signals computed using Close only via ta library.
False,True,Buy: MACD crossover up + RSI>50; Sell: MACD crossover down OR RSI>70. Signals computed using Close only via ta library.
False,True,Buy: MACD crossover up + RSI>50; Sell: MACD crossover down OR RSI>70. Signals computed using Close only via ta library.
False,True,Buy: MACD crossover up + RSI>50; Sell: MACD crossover down OR RSI>70. Signals computed using Close only via ta library.
False,True,Buy: MACD crossover up + RSI>50; Sell: MACD crossover down OR RSI>70. Signals computed using Close only via ta library.
False,False,Buy: MACD crossover up + RSI>50; Sell: MACD crossover down OR RSI>70. Signals computed using Close only via ta library.
False,True,Buy: MACD crossover up + RSI>50; Sell: MACD crossover down OR RSI>70. Signals computed using Close only via ta library.
False,True,Buy: MACD crossover up + RSI>50; Sell: MACD crossover down OR RSI>70. Signals computed using Close only via ta library.
False,True,Buy: MACD crossover up + RSI>50; Sell: MACD crossover down OR RSI>70. Signals computed using Close only via ta library.
True,False,Buy: MACD crossover up + RSI>50; Sell: MACD crossover down OR RSI>70. Signals computed using Close only via ta library.
False,True,Buy: MACD crossover up + RSI>50; Sell: MACD crossover down OR RSI>70. Signals computed using Close only via ta library.
False,True,Buy: MACD crossover up + RSI>50; Sell: MACD crossover down OR RSI>70. Signals computed using Close only via ta library.
False,True,Buy: MACD crossover up + RSI>50; Sell: MACD crossover down OR RSI>70. Signals computed using Close only via ta library.
False,True,Buy: MACD crossover up + RSI>50; Sell: MACD crossover down OR RSI>70. Signals computed using Close only via ta library.
False,False,Buy: MACD crossover up + RSI>50; Sell: MACD crossover down OR RSI>70. Signals computed using Close only via ta library.
False,False,Buy: MACD crossover up + RSI>50; Sell: MACD crossover down OR RSI>70. Signals computed using Close only via ta library.
False,False,Buy: MACD crossover up + RSI>50; Sell: MACD crossover down OR RSI>70. Signals computed using Close only via ta library.
False,True,Buy: MACD crossover up + RSI>50; Sell: MACD crossover down OR RSI>70. Signals computed using Close only via ta library.
False,False,Buy: MACD crossover up + RSI>50; Sell: MACD crossover down OR RSI>70. Signals computed using Close only via ta library.
False,False,Buy: MACD crossover up + RSI>50; Sell: MACD crossover down OR RSI>70. Signals computed using Close only via ta library.
False,False,Buy: MACD crossover up + RSI>50; Sell: MACD crossover down OR RSI>70. Signals computed using Close only via ta library.
False,False,Buy: MACD crossover up + RSI>50; Sell: MACD crossover down OR RSI>70. Signals computed using Close only via ta library.
False,False,Buy: MACD crossover up + RSI>50; Sell: MACD crossover down OR RSI>70. Signals computed using Close only via ta library.
False,False,Buy: MACD crossover up + RSI>50; Sell: MACD crossover down OR RSI>70. Signals computed using Close only via ta library.
False,True,Buy: MACD crossover up + RSI>50; Sell: MACD crossover down OR RSI>70. Signals computed using Close only via ta library.
False,False,Buy: MACD crossover up + RSI>50; Sell: MACD crossover down OR RSI>70. Signals computed using Close only via ta library.
False,False,Buy: MACD crossover up + RSI>50; Sell: MACD crossover down OR RSI>70. Signals computed using Close only via ta library.
False,False,Buy: MACD crossover up + RSI>50; Sell: MACD crossover down OR RSI>70. Signals computed using Close only via ta library.
False,False,Buy: MACD crossover up + RSI>50; Sell: MACD crossover down OR RSI>70. Signals computed using Close only via ta library.
False,False,Buy: MACD crossover up + RSI>50; Sell: MACD crossover down OR RSI>70. Signals computed using Close only via ta library.
False,False,Buy: MACD crossover up + RSI>50; Sell: MACD crossover down OR RSI>70. Signals computed using Close only via ta library.
False,False,Buy: MACD crossover up + RSI>50; Sell: MACD crossover down OR RSI>70. Signals computed using Close only via ta library.
False,False,Buy: MACD crossover up + RSI>50; Sell: MACD crossover down OR RSI>70. Signals computed using Close only via ta library.
False,False,Buy: MACD crossover up + RSI>50; Sell: MACD crossover down OR RSI>70. Signals computed using Close only via ta library.
False,False,Buy: MACD crossover up + RSI>50; Sell: MACD crossover down OR RSI>70. Signals computed using Close only via ta library.
False,False,Buy: MACD crossover up + RSI>50; Sell: MACD crossover down OR RSI>70. Signals computed using Close only via ta library.
False,False,Buy: MACD crossover up + RSI>50; Sell: MACD crossover down OR RSI>70. Signals computed using Close only via ta library.
False,False,Buy: MACD crossover up + RSI>50; Sell: MACD crossover down OR RSI>70. Signals computed using Close only via ta library.
False,False,Buy: MACD crossover up + RSI>50; Sell: MACD crossover down OR RSI>70. Signals computed using Close only via ta library.
False,False,Buy: MACD crossover up + RSI>50; Sell: MACD crossover down OR RSI>70. Signals computed using Close only via ta library.
False,False,Buy: MACD crossover up + RSI>50; Sell: MACD crossover down OR RSI>70. Signals computed using Close only via ta library.
False,False,Buy: MACD crossover up + RSI>50; Sell: MACD crossover down OR RSI>70. Signals computed using Close only via ta library.
False,False,Buy: MACD crossover up + RSI>50; Sell: MACD crossover down OR RSI>70. Signals computed using Close only via ta library.
False,False,Buy: MACD crossover up + RSI>50; Sell: MACD crossover down OR RSI>70. Signals computed using Close only via ta library.
False,False,Buy: MACD crossover up + RSI>50; Sell: MACD crossover down OR RSI>70. Signals computed using Close only via ta library.
False,False,Buy: MACD crossover up + RSI>50; Sell: MACD crossover down OR RSI>70. Signals computed using Close only via ta library.
False,False,Buy: MACD crossover up + RSI>50; Sell: MACD crossover down OR RSI>70. Signals computed using Close only via ta library.
False,False,Buy: MACD crossover up + RSI>50; Sell: MACD crossover down OR RSI>70. Signals computed using Close only via ta library.
False,False,Buy: MACD crossover up + RSI>50; Sell: MACD crossover down OR RSI>70. Signals computed using Close only via ta library.
False,False,Buy: MACD crossover up + RSI>50; Sell: MACD crossover down OR RSI>70. Signals computed using Close only via ta library.
False,False,Buy: MACD crossover up + RSI>50; Sell: MACD crossover down OR RSI>70. Signals computed using Close only via ta library.
False,False,Buy: MACD crossover up + RSI>50; Sell: MACD crossover down OR RSI>70. Signals computed using Close only via ta library.
False,False,Buy: MACD crossover up + RSI>50; Sell: MACD crossover down OR RSI>70. Signals computed using Close only via ta library.
False,False,Buy: MACD crossover up + RSI>50; Sell: MACD crossover down OR RSI>70. Signals computed using Close only via ta library.
False,False,Buy: MACD crossover up + RSI>50; Sell: MACD crossover down OR RSI>70. Signals computed using Close only via ta library.
False,False,Buy: MACD crossover up + RSI>50; Sell: MACD crossover down OR RSI>70. Signals computed using Close only via ta library.
False,False,Buy: MACD crossover up + RSI>50; Sell: MACD crossover down OR RSI>70. Signals computed using Close only via ta library.
False,False,Buy: MACD crossover up + RSI>50; Sell: MACD crossover down OR RSI>70. Signals computed using Close only via ta library.
False,False,Buy: MACD crossover up + RSI>50; Sell: MACD crossover down OR RSI>70. Signals computed using Close only via ta library.
False,False,Buy: MACD crossover up + RSI>50; Sell: MACD crossover down OR RSI>70. Signals computed using Close only via ta library.
False,False,Buy: MACD crossover up + RSI>50; Sell: MACD crossover down OR RSI>70. Signals computed using Close only via ta library.
False,True,Buy: MACD crossover up + RSI>50; Sell: MACD crossover down OR RSI>70. Signals computed using Close only via ta library.
False,False,Buy: MACD crossover up + RSI>50; Sell: MACD crossover down OR RSI>70. Signals computed using Close only via ta library.
False,False,Buy: MACD crossover up + RSI>50; Sell: MACD crossover down OR RSI>70. Signals computed using Close only via ta library.
False,False,Buy: MACD crossover up + RSI>50; Sell: MACD crossover down OR RSI>70. Signals computed using Close only via ta library.
False,False,Buy: MACD crossover up + RSI>50; Sell: MACD crossover down OR RSI>70. Signals computed using Close only via ta library.
False,False,Buy: MACD crossover up + RSI>50; Sell: MACD crossover down OR RSI>70. Signals computed using Close only via ta library.
False,False,Buy: MACD crossover up + RSI>50; Sell: MACD crossover down OR RSI>70. Signals computed using Close only via ta library.
False,False,Buy: MACD crossover up + RSI>50; Sell: MACD crossover down OR RSI>70. Signals computed using Close only via ta library.
False,False,Buy: MACD crossover up + RSI>50; Sell: MACD crossover down OR RSI>70. Signals computed using Close only via ta library.
False,False,Buy: MACD crossover up + RSI>50; Sell: MACD crossover down OR RSI>70. Signals computed using Close only via ta library.
False,False,Buy: MACD crossover up + RSI>50; Sell: MACD crossover down OR RSI>70. Signals computed using Close only via ta library.
False,False,Buy: MACD crossover up + RSI>50; Sell: MACD crossover down OR RSI>70. Signals computed using Close only via ta library.
False,False,Buy: MACD crossover up + RSI>50; Sell: MACD crossover down OR RSI>70. Signals computed using Close only via ta library.
False,False,Buy: MACD crossover up + RSI>50; Sell: MACD crossover down OR RSI>70. Signals computed using Close only via ta library.
False,False,Buy: MACD crossover up + RSI>50; Sell: MACD crossover down OR RSI>70. Signals computed using Close only via ta library.
False,False,Buy: MACD crossover up + RSI>50; Sell: MACD crossover down OR RSI>70. Signals computed using Close only via ta library.
False,False,Buy: MACD crossover up + RSI>50; Sell: MACD crossover down OR RSI>70. Signals computed using Close only via ta library.
False,False,Buy: MACD crossover up + RSI>50; Sell: MACD crossover down OR RSI>70. Signals computed using Close only via ta library.
False,False,Buy: MACD crossover up + RSI>50; Sell: MACD crossover down OR RSI>70. Signals computed using Close only via ta library.
False,False,Buy: MACD crossover up + RSI>50; Sell: MACD crossover down OR RSI>70. Signals computed using Close only via ta library.
False,False,Buy: MACD crossover up + RSI>50; Sell: MACD crossover down OR RSI>70. Signals computed using Close only via ta library.
False,False,Buy: MACD crossover up + RSI>50; Sell: MACD crossover down OR RSI>70. Signals computed using Close only via ta library.
False,False,Buy: MACD crossover up + RSI>50; Sell: MACD crossover down OR RSI>70. Signals computed using Close only via ta library.
False,False,Buy: MACD crossover up + RSI>50; Sell: MACD crossover down OR RSI>70. Signals computed using Close only via ta library.
False,False,Buy: MACD crossover up + RSI>50; Sell: MACD crossover down OR RSI>70. Signals computed using Close only via ta library.
False,False,Buy: MACD crossover up + RSI>50; Sell: MACD crossover down OR RSI>70. Signals computed using Close only via ta library.
False,False,Buy: MACD crossover up + RSI>50; Sell: MACD crossover down OR RSI>70. Signals computed using Close only via ta library.
False,False,Buy: MACD crossover up + RSI>50; Sell: MACD crossover down OR RSI>70. Signals computed using Close only via ta library.
False,False,Buy: MACD crossover up + RSI>50; Sell: MACD crossover down OR RSI>70. Signals computed using Close only via ta library.
False,True,Buy: MACD crossover up + RSI>50; Sell: MACD crossover down OR RSI>70. Signals computed using Close only via ta library.
False,False,Buy: MACD crossover up + RSI>50; Sell: MACD crossover down OR RSI>70. Signals computed using Close only via ta library.
False,False,Buy: MACD crossover up + RSI>50; Sell: MACD crossover down OR RSI>70. Signals computed using Close only via ta library.
False,False,Buy: MACD crossover up + RSI>50; Sell: MACD crossover down OR RSI>70. Signals computed using Close only via ta library.
False,False,Buy: MACD crossover up + RSI>50; Sell: MACD crossover down OR RSI>70. Signals computed using Close only via ta library.
False,False,Buy: MACD crossover up + RSI>50; Sell: MACD crossover down OR RSI>70. Signals computed using Close only via ta library.
False,False,Buy: MACD crossover up + RSI>50; Sell: MACD crossover down OR RSI>70. Signals computed using Close only via ta library.
False,False,Buy: MACD crossover up + RSI>50; Sell: MACD crossover down OR RSI>70. Signals computed using Close only via ta library.
False,False,Buy: MACD crossover up + RSI>50; Sell: MACD crossover down OR RSI>70. Signals computed using Close only via ta library.
True,False,Buy: MACD crossover up + RSI>50; Sell: MACD crossover down OR RSI>70. Signals computed using Close only via ta library.
False,False,Buy: MACD crossover up + RSI>50; Sell: MACD crossover down OR RSI>70. Signals computed using Close only via ta library.
False,False,Buy: MACD crossover up + RSI>50; Sell: MACD crossover down OR RSI>70. Signals computed using Close only via ta library.
False,False,Buy: MACD crossover up + RSI>50; Sell: MACD crossover down OR RSI>70. Signals computed using Close only via ta library.
False,False,Buy: MACD crossover up + RSI>50; Sell: MACD crossover down OR RSI>70. Signals computed using Close only via ta library.
False,False,Buy: MACD crossover up + RSI>50; Sell: MACD crossover down OR RSI>70. Signals computed using Close only via ta library.
False,False,Buy: MACD crossover up + RSI>50; Sell: MACD crossover down OR RSI>70. Signals computed using Close only via ta library.
False,False,Buy: MACD crossover up + RSI>50; Sell: MACD crossover down OR RSI>70. Signals computed using Close only via ta library.
False,False,Buy: MACD crossover up + RSI>50; Sell: MACD crossover down OR RSI>70. Signals computed using Close only via ta library.
False,False,Buy: MACD crossover up + RSI>50; Sell: MACD crossover down OR RSI>70. Signals computed using Close only via ta library.
False,True,Buy: MACD crossover up + RSI>50; Sell: MACD crossover down OR RSI>70. Signals computed using Close only via ta library.
False,True,Buy: MACD crossover up + RSI>50; Sell: MACD crossover down OR RSI>70. Signals computed using Close only via ta library.
False,True,Buy: MACD crossover up + RSI>50; Sell: MACD crossover down OR RSI>70. Signals computed using Close only via ta library.
False,True,Buy: MACD crossover up + RSI>50; Sell: MACD crossover down OR RSI>70. Signals computed using Close only via ta library.
False,True,Buy: MACD crossover up + RSI>50; Sell: MACD crossover down OR RSI>70. Signals computed using Close only via ta library.
False,False,Buy: MACD crossover up + RSI>50; Sell: MACD crossover down OR RSI>70. Signals computed using Close only via ta library.
False,False,Buy: MACD crossover up + RSI>50; Sell: MACD crossover down OR RSI>70. Signals computed using Close only via ta library.
False,False,Buy: MACD crossover up + RSI>50; Sell: MACD crossover down OR RSI>70. Signals computed using Close only via ta library.
False,False,Buy: MACD crossover up + RSI>50; Sell: MACD crossover down OR RSI>70. Signals computed using Close only via ta library.
False,True,Buy: MACD crossover up + RSI>50; Sell: MACD crossover down OR RSI>70. Signals computed using Close only via ta library.
False,False,Buy: MACD crossover up + RSI>50; Sell: MACD crossover down OR RSI>70. Signals computed using Close only via ta library.
False,False,Buy: MACD crossover up + RSI>50; Sell: MACD crossover down OR RSI>70. Signals computed using Close only via ta library.
False,False,Buy: MACD crossover up + RSI>50; Sell: MACD crossover down OR RSI>70. Signals computed using Close only via ta library.
False,False,Buy: MACD crossover up + RSI>50; Sell: MACD crossover down OR RSI>70. Signals computed using Close only via ta library.
False,False,Buy: MACD crossover up + RSI>50; Sell: MACD crossover down OR RSI>70. Signals computed using Close only via ta library.
True,True,Buy: MACD crossover up + RSI>50; Sell: MACD crossover down OR RSI>70. Signals computed using Close only via ta library.
False,True,Buy: MACD crossover up + RSI>50; Sell: MACD crossover down OR RSI>70. Signals computed using Close only via ta library.
False,False,Buy: MACD crossover up + RSI>50; Sell: MACD crossover down OR RSI>70. Signals computed using Close only via ta library.
True,False,Buy: MACD crossover up + RSI>50; Sell: MACD crossover down OR RSI>70. Signals computed using Close only via ta library.
False,False,Buy: MACD crossover up + RSI>50; Sell: MACD crossover down OR RSI>70. Signals computed using Close only via ta library.
False,False,Buy: MACD crossover up + RSI>50; Sell: MACD crossover down OR RSI>70. Signals computed using Close only via ta library.
False,False,Buy: MACD crossover up + RSI>50; Sell: MACD crossover down OR RSI>70. Signals computed using Close only via ta library.
False,True,Buy: MACD crossover up + RSI>50; Sell: MACD crossover down OR RSI>70. Signals computed using Close only via ta library.
False,False,Buy: MACD crossover up + RSI>50; Sell: MACD crossover down OR RSI>70. Signals computed using Close only via ta library.
False,False,Buy: MACD crossover up + RSI>50; Sell: MACD crossover down OR RSI>70. Signals computed using Close only via ta library.
False,False,Buy: MACD crossover up + RSI>50; Sell: MACD crossover down OR RSI>70. Signals computed using Close only via ta library.
False,False,Buy: MACD crossover up + RSI>50; Sell: MACD crossover down OR RSI>70. Signals computed using Close only via ta library.
False,False,Buy: MACD crossover up + RSI>50; Sell: MACD crossover down OR RSI>70. Signals computed using Close only via ta library.
False,False,Buy: MACD crossover up + RSI>50; Sell: MACD crossover down OR RSI>70. Signals computed using Close only via ta library.
False,False,Buy: MACD crossover up + RSI>50; Sell: MACD crossover down OR RSI>70. Signals computed using Close only via ta library.
